Marque;Mod�le;Ann�e de d�but (G�n�ration);Pays 
Citroen;2 CV;1949;France
Citroen;2 CV;1949;France
Citroen;2 CV;1960;France
Citroen;2 CV;1960;France
Citroen;2 CV;1960;France
Citroen;2 CV;1960;France
Citroen;2 CV;1960;France
Citroen;2 CV;1966;France
Citroen;2 CV;1966;France
Citroen;2 CV;1966;France
Citroen;2 CV;1966;France
Citroen;2 CV;1975;France
Citroen;2 CV;1975;France
Citroen;2 CV;1979;France
Citroen;2 CV;1979;France
Citroen;2 CV;1979;France
Citroen;2 CV;1958;France
Citroen;2 CV;1958;France
Citroen;AX;1986;France
Citroen;AX;1986;France
Citroen;AX;1986;France
Citroen;AX;1986;France
Citroen;AX;1986;France
Citroen;AX;1986;France
Citroen;AX;1986;France
Citroen;AX;1986;France
Citroen;AX;1986;France
Citroen;AX;1986;France
Citroen;AX;1986;France
Citroen;AX;1986;France
Citroen;Berlingo;1996;France
Citroen;Berlingo;1996;France
Citroen;Berlingo;1996;France
Citroen;Berlingo;1996;France
Citroen;Berlingo;1996;France
Citroen;Berlingo;1996;France
Citroen;Berlingo;1996;France
Citroen;Berlingo;1996;France
Citroen;Berlingo;2002;France
Citroen;Berlingo;2002;France
Citroen;Berlingo;2002;France
Citroen;Berlingo;2002;France
Citroen;Berlingo;2002;France
Citroen;Berlingo;2002;France
Citroen;Berlingo;2008;France
Citroen;Berlingo;2008;France
Citroen;Berlingo;2008;France
Citroen;Berlingo;2008;France
Citroen;Berlingo;2008;France
Citroen;Berlingo;2008;France
Citroen;Berlingo;2008;France
Citroen;Berlingo;2015;France
Citroen;Berlingo;2015;France
Citroen;Berlingo;2015;France
Citroen;Berlingo;2015;France
Citroen;Berlingo;2012;France
Citroen;Berlingo;2012;France
Citroen;Berlingo;2012;France
Citroen;Berlingo;2012;France
Citroen;Berlingo;2012;France
Citroen;Berlingo;2012;France
Citroen;Berlingo;2012;France
Citroen;Berlingo;2018;France
Citroen;Berlingo;2018;France
Citroen;Berlingo;2018;France
Citroen;Berlingo;2018;France
Citroen;Berlingo;2018;France
Citroen;Berlingo;2018;France
Citroen;Berlingo;2018;France
Citroen;Berlingo;2018;France
Citroen;Berlingo;2018;France
Citroen;Berlingo;2018;France
Citroen;BX;1982;France
Citroen;BX;1982;France
Citroen;BX;1982;France
Citroen;BX;1982;France
Citroen;BX;1982;France
Citroen;BX;1982;France
Citroen;BX;1982;France
Citroen;BX;1982;France
Citroen;BX;1982;France
Citroen;BX;1982;France
Citroen;BX;1982;France
Citroen;BX;1982;France
Citroen;BX;1982;France
Citroen;BX;1982;France
Citroen;BX;1982;France
Citroen;BX;1982;France
Citroen;BX;1982;France
Citroen;BX;1982;France
Citroen;BX;1982;France
Citroen;BX;1982;France
Citroen;BX;1982;France
Citroen;C-Crosser;2007;France
Citroen;C-Crosser;2007;France
Citroen;C-Crosser;2007;France
Citroen;C-Crosser;2007;France
Citroen;C-Crosser;2007;France
Citroen;C-Elysee;2012;France
Citroen;C-Elysee;2012;France
Citroen;C-Elysee;2012;France
Citroen;C-Elysee;2012;France
Citroen;C-Elysee;2012;France
Citroen;C-Elysee;2017;France
Citroen;C-Elysee;2017;France
Citroen;C-Elysee;2017;France
Citroen;C-Elysee;2017;France
Citroen;C1;2005;France
Citroen;C1;2005;France
Citroen;C1;2005;France
Citroen;C1;2005;France
Citroen;C1;2005;France
Citroen;C1;2005;France
Citroen;C1;2005;France
Citroen;C1;2005;France
Citroen;C1;2012;France
Citroen;C1;2012;France
Citroen;C1;2012;France
Citroen;C1;2012;France
Citroen;C1;2008;France
Citroen;C1;2008;France
Citroen;C1;2008;France
Citroen;C1;2008;France
Citroen;C1;2008;France
Citroen;C1;2008;France
Citroen;C1;2014;France
Citroen;C1;2014;France
Citroen;C1;2014;France
Citroen;C1;2014;France
Citroen;C1;2014;France
Citroen;C1;2014;France
Citroen;C2;2003;France
Citroen;C2;2003;France
Citroen;C2;2003;France
Citroen;C2;2003;France
Citroen;C2;2003;France
Citroen;C2;2003;France
Citroen;C2;2003;France
Citroen;C2;2003;France
Citroen;C2;2003;France
Citroen;C2;2003;France
Citroen;C2;2008;France
Citroen;C2;2008;France
Citroen;C2;2008;France
Citroen;C2;2008;France
Citroen;C2;2008;France
Citroen;C2;2008;France
Citroen;C2;2008;France
Citroen;C2;2008;France
Citroen;C2;2008;France
Citroen;C3;2002;France
Citroen;C3;2002;France
Citroen;C3;2002;France
Citroen;C3;2002;France
Citroen;C3;2002;France
Citroen;C3;2002;France
Citroen;C3;2002;France
Citroen;C3;2002;France
Citroen;C3;2002;France
Citroen;C3;2002;France
Citroen;C3;2002;France
Citroen;C3;2002;France
Citroen;C3;2002;France
Citroen;C3;2002;France
Citroen;C3;2002;France
Citroen;C3;2009;France
Citroen;C3;2009;France
Citroen;C3;2009;France
Citroen;C3;2009;France
Citroen;C3;2009;France
Citroen;C3;2012;France
Citroen;C3;2012;France
Citroen;C3;2012;France
Citroen;C3;2012;France
Citroen;C3;2012;France
Citroen;C3;2012;France
Citroen;C3;2012;France
Citroen;C3;2012;France
Citroen;C3;2012;France
Citroen;C3;2012;France
Citroen;C3;2016;France
Citroen;C3;2016;France
Citroen;C3;2016;France
Citroen;C3;2016;France
Citroen;C3;2016;France
Citroen;C3;2016;France
Citroen;C3 AirCross;2017;France
Citroen;C3 AirCross;2017;France
Citroen;C3 AirCross;2017;France
Citroen;C3 AirCross;2017;France
Citroen;C3 AirCross;2017;France
Citroen;C3 AirCross;2017;France
Citroen;C3 AirCross;2017;France
Citroen;C3 Picasso;2008;France
Citroen;C3 Picasso;2008;France
Citroen;C3 Picasso;2008;France
Citroen;C3 Picasso;2008;France
Citroen;C3 Picasso;2008;France
Citroen;C3 Picasso;2012;France
Citroen;C3 Picasso;2012;France
Citroen;C3 Picasso;2012;France
Citroen;C3 Picasso;2012;France
Citroen;C4;2004;France
Citroen;C4;2004;France
Citroen;C4;2004;France
Citroen;C4;2004;France
Citroen;C4;2004;France
Citroen;C4;2004;France
Citroen;C4;2004;France
Citroen;C4;2004;France
Citroen;C4;2004;France
Citroen;C4;2008;France
Citroen;C4;2008;France
Citroen;C4;2008;France
Citroen;C4;2008;France
Citroen;C4;2008;France
Citroen;C4;2008;France
Citroen;C4;2008;France
Citroen;C4;2008;France
Citroen;C4;2008;France
Citroen;C4;2008;France
Citroen;C4;2008;France
Citroen;C4;2008;France
Citroen;C4;2008;France
Citroen;C4;2008;France
Citroen;C4;2008;France
Citroen;C4;2008;France
Citroen;C4;2008;France
Citroen;C4;2008;France
Citroen;C4;2008;France
Citroen;C4;2008;France
Citroen;C4;2008;France
Citroen;C4;2008;France
Citroen;C4;2008;France
Citroen;C4;2008;France
Citroen;C4;2008;France
Citroen;C4;2008;France
Citroen;C4;2008;France
Citroen;C4;2008;France
Citroen;C4;2008;France
Citroen;C4;2008;France
Citroen;C4;2008;France
Citroen;C4;2008;France
Citroen;C4;2008;France
Citroen;C4;2011;France
Citroen;C4;2011;France
Citroen;C4;2011;France
Citroen;C4;2011;France
Citroen;C4;2011;France
Citroen;C4;2011;France
Citroen;C4;2011;France
Citroen;C4;2016;France
Citroen;C4;2016;France
Citroen;C4;2016;France
Citroen;C4;2016;France
Citroen;C4 AirCross;2012;France
Citroen;C4 AirCross;2012;France
Citroen;C4 AirCross;2012;France
Citroen;C4 AirCross;2012;France
Citroen;C4 AirCross;2012;France
Citroen;C4 AirCross;2012;France
Citroen;C4 AirCross;2012;France
Citroen;C4 AirCross;2012;France
Citroen;C4 AirCross;2012;France
Citroen;C4 Picasso;2006;France
Citroen;C4 Picasso;2006;France
Citroen;C4 Picasso;2006;France
Citroen;C4 Picasso;2006;France
Citroen;C4 Picasso;2006;France
Citroen;C4 Picasso;2006;France
Citroen;C4 Picasso;2006;France
Citroen;C4 Picasso;2006;France
Citroen;C4 Picasso;2006;France
Citroen;C4 Picasso;2006;France
Citroen;C4 Picasso;2006;France
Citroen;C4 Picasso;2006;France
Citroen;C4 Picasso;2006;France
Citroen;C4 Picasso;2006;France
Citroen;C4 Picasso;2006;France
Citroen;C4 Picasso;2006;France
Citroen;C4 Picasso;2006;France
Citroen;C4 Picasso;2006;France
Citroen;C4 Picasso;2006;France
Citroen;C4 Picasso;2006;France
Citroen;C4 Picasso;2006;France
Citroen;C4 Picasso;2006;France
Citroen;C4 Picasso;2006;France
Citroen;C4 Picasso;2006;France
Citroen;C4 Picasso;2006;France
Citroen;C4 Picasso;2006;France
Citroen;C4 Picasso;2006;France
Citroen;C4 Picasso;2006;France
Citroen;C4 Picasso;2006;France
Citroen;C4 Picasso;2006;France
Citroen;C4 Picasso;2006;France
Citroen;C4 Picasso;2006;France
Citroen;C4 Picasso;2006;France
Citroen;C4 Picasso;2006;France
Citroen;C4 Picasso;2006;France
Citroen;C4 Picasso;2006;France
Citroen;C4 Picasso;2006;France
Citroen;C4 Picasso;2006;France
Citroen;C4 Picasso;2013;France
Citroen;C4 Picasso;2013;France
Citroen;C4 Picasso;2013;France
Citroen;C4 Picasso;2013;France
Citroen;C4 Picasso;2013;France
Citroen;C4 Picasso;2013;France
Citroen;C4 Picasso;2013;France
Citroen;C4 Picasso;2013;France
Citroen;C4 Picasso;2013;France
Citroen;C4 Picasso;2013;France
Citroen;C4 Picasso;2013;France
Citroen;C4 Picasso;2016;France
Citroen;C4 Picasso;2016;France
Citroen;C4 Picasso;2016;France
Citroen;C4 Picasso;2016;France
Citroen;C4 Picasso;2016;France
Citroen;C5;2001;France
Citroen;C5;2001;France
Citroen;C5;2001;France
Citroen;C5;2001;France
Citroen;C5;2001;France
Citroen;C5;2001;France
Citroen;C5;2001;France
Citroen;C5;2001;France
Citroen;C5;2001;France
Citroen;C5;2001;France
Citroen;C5;2001;France
Citroen;C5;2001;France
Citroen;C5;2001;France
Citroen;C5;2001;France
Citroen;C5;2001;France
Citroen;C5;2001;France
Citroen;C5;2001;France
Citroen;C5;2001;France
Citroen;C5;2001;France
Citroen;C5;2001;France
Citroen;C5;2001;France
Citroen;C5;2001;France
Citroen;C5;2001;France
Citroen;C5;2001;France
Citroen;C5;2001;France
Citroen;C5;2001;France
Citroen;C5;2001;France
Citroen;C5;2001;France
Citroen;C5;2001;France
Citroen;C5;2001;France
Citroen;C5;2001;France
Citroen;C5;2001;France
Citroen;C5;2004;France
Citroen;C5;2004;France
Citroen;C5;2004;France
Citroen;C5;2004;France
Citroen;C5;2004;France
Citroen;C5;2004;France
Citroen;C5;2004;France
Citroen;C5;2004;France
Citroen;C5;2004;France
Citroen;C5;2004;France
Citroen;C5;2004;France
Citroen;C5;2004;France
Citroen;C5;2004;France
Citroen;C5;2004;France
Citroen;C5;2004;France
Citroen;C5;2004;France
Citroen;C5;2004;France
Citroen;C5;2004;France
Citroen;C5;2004;France
Citroen;C5;2004;France
Citroen;C5;2004;France
Citroen;C5;2004;France
Citroen;C5;2008;France
Citroen;C5;2008;France
Citroen;C5;2008;France
Citroen;C5;2008;France
Citroen;C5;2008;France
Citroen;C5;2008;France
Citroen;C5;2008;France
Citroen;C5;2008;France
Citroen;C5;2008;France
Citroen;C5;2008;France
Citroen;C5;2008;France
Citroen;C5;2008;France
Citroen;C5;2008;France
Citroen;C5;2008;France
Citroen;C5;2008;France
Citroen;C5;2008;France
Citroen;C5;2008;France
Citroen;C5;2008;France
Citroen;C5;2008;France
Citroen;C5;2008;France
Citroen;C5;2008;France
Citroen;C5;2008;France
Citroen;C5;2008;France
Citroen;C5;2008;France
Citroen;C5;2008;France
Citroen;C5;2008;France
Citroen;C5;2008;France
Citroen;C5;2008;France
Citroen;C5;2008;France
Citroen;C5;2008;France
Citroen;C5;2008;France
Citroen;C5;2008;France
Citroen;C5;2008;France
Citroen;C5;2008;France
Citroen;C5;2008;France
Citroen;C5;2008;France
Citroen;C5;2008;France
Citroen;C5;2008;France
Citroen;C5;2008;France
Citroen;C5;2008;France
Citroen;C5;2008;France
Citroen;C5;2008;France
Citroen;C5 AirCross;2017;France
Citroen;C5 AirCross;2017;France
Citroen;C6;2004;France
Citroen;C6;2004;France
Citroen;C6;2004;France
Citroen;C6;2004;France
Citroen;C8;2002;France
Citroen;C8;2002;France
Citroen;C8;2002;France
Citroen;C8;2002;France
Citroen;C8;2002;France
Citroen;C8;2002;France
Citroen;C8;2002;France
Citroen;C8;2002;France
Citroen;C8;2002;France
Citroen;C8;2002;France
Citroen;C8;2002;France
Citroen;C8;2002;France
Citroen;C8;2002;France
Citroen;C8;2002;France
Citroen;C8;2002;France
Citroen;C8;2002;France
Citroen;C8;2002;France
Citroen;C8;2002;France
Citroen;C8;2002;France
Citroen;C8;2002;France
Citroen;C8;2002;France
Citroen;C8;2002;France
Citroen;C8;2002;France
Citroen;C8;2002;France
Citroen;C8;2002;France
Citroen;C8;2002;France
Citroen;CX;1983;France
Citroen;CX;1983;France
Citroen;CX;1983;France
Citroen;CX;1983;France
Citroen;CX;1983;France
Citroen;CX;1983;France
Citroen;CX;1983;France
Citroen;CX;1983;France
Citroen;CX;1983;France
Citroen;CX;1983;France
Citroen;DS3;2010;France
Citroen;DS3;2010;France
Citroen;DS3;2010;France
Citroen;DS3;2010;France
Citroen;DS3;2010;France
Citroen;DS3;2014;France
Citroen;DS3;2014;France
Citroen;DS3;2014;France
Citroen;DS3;2014;France
Citroen;DS4;2010;France
Citroen;DS4;2010;France
Citroen;DS4;2010;France
Citroen;DS4;2010;France
Citroen;DS5;2012;France
Citroen;DS5;2012;France
Citroen;DS5;2012;France
Citroen;DS5;2012;France
Citroen;DS5;2012;France
Citroen;Evasion;1994;France
Citroen;Evasion;1994;France
Citroen;Evasion;1994;France
Citroen;Evasion;1994;France
Citroen;Evasion;1997;France
Citroen;Evasion;1997;France
Citroen;Evasion;1997;France
Citroen;Evasion;1997;France
Citroen;Evasion;1997;France
Citroen;Evasion;1997;France
Citroen;Evasion;1997;France
Citroen;Evasion;1997;France
Citroen;Jumpy;2007;France
Citroen;Jumpy;2007;France
Citroen;Jumpy;2007;France
Citroen;Saxo;1996;France
Citroen;Saxo;1996;France
Citroen;Saxo;1996;France
Citroen;Saxo;1996;France
Citroen;Saxo;1996;France
Citroen;Saxo;1996;France
Citroen;Saxo;1996;France
Citroen;Saxo;1996;France
Citroen;Saxo;1996;France
Citroen;Saxo;1996;France
Citroen;Saxo;1996;France
Citroen;Saxo;1996;France
Citroen;Saxo;1996;France
Citroen;Saxo;1996;France
Citroen;Saxo;1996;France
Citroen;Saxo;1996;France
Citroen;Saxo;1996;France
Citroen;Saxo;1996;France
Citroen;Saxo;1996;France
Citroen;Saxo;1996;France
Citroen;Saxo;1996;France
Citroen;Saxo;1996;France
Citroen;SpaceTourer;2017;France
Citroen;SpaceTourer;2017;France
Citroen;SpaceTourer;2017;France
Citroen;SpaceTourer;2017;France
Citroen;SpaceTourer;2017;France
Citroen;Xantia;1993;France
Citroen;Xantia;1993;France
Citroen;Xantia;1993;France
Citroen;Xantia;1993;France
Citroen;Xantia;1993;France
Citroen;Xantia;1993;France
Citroen;Xantia;1993;France
Citroen;Xantia;1993;France
Citroen;Xantia;1993;France
Citroen;Xantia;1993;France
Citroen;Xantia;1993;France
Citroen;Xantia;1993;France
Citroen;Xantia;1993;France
Citroen;Xantia;1993;France
Citroen;Xantia;1993;France
Citroen;Xantia;1993;France
Citroen;Xantia;1993;France
Citroen;Xantia;1993;France
Citroen;Xantia;1998;France
Citroen;Xantia;1998;France
Citroen;Xantia;1998;France
Citroen;Xantia;1998;France
Citroen;Xantia;1998;France
Citroen;Xantia;1998;France
Citroen;Xantia;1998;France
Citroen;Xantia;1998;France
Citroen;Xantia;1998;France
Citroen;Xantia;1998;France
Citroen;Xantia;1998;France
Citroen;Xantia;1998;France
Citroen;Xantia;1998;France
Citroen;Xantia;1998;France
Citroen;Xantia;1998;France
Citroen;Xantia;1998;France
Citroen;Xantia;1998;France
Citroen;Xantia;1998;France
Citroen;Xantia;1998;France
Citroen;Xantia;1998;France
Citroen;Xantia;1998;France
Citroen;Xantia;1998;France
Citroen;XM;1989;France
Citroen;XM;1989;France
Citroen;XM;1989;France
Citroen;XM;1989;France
Citroen;XM;1989;France
Citroen;XM;1989;France
Citroen;XM;1989;France
Citroen;XM;1989;France
Citroen;XM;1989;France
Citroen;XM;1989;France
Citroen;XM;1989;France
Citroen;XM;1989;France
Citroen;XM;1989;France
Citroen;XM;1994;France
Citroen;XM;1994;France
Citroen;XM;1994;France
Citroen;XM;1994;France
Citroen;XM;1994;France
Citroen;XM;1994;France
Citroen;XM;1994;France
Citroen;XM;1994;France
Citroen;XM;1994;France
Citroen;XM;1994;France
Citroen;XM;1994;France
Citroen;XM;1994;France
Citroen;XM;1994;France
Citroen;Xsara;1997;France
Citroen;Xsara;1997;France
Citroen;Xsara;1997;France
Citroen;Xsara;1997;France
Citroen;Xsara;1997;France
Citroen;Xsara;1997;France
Citroen;Xsara;1997;France
Citroen;Xsara;1997;France
Citroen;Xsara;1997;France
Citroen;Xsara;1997;France
Citroen;Xsara;1997;France
Citroen;Xsara;1997;France
Citroen;Xsara;1997;France
Citroen;Xsara;1997;France
Citroen;Xsara;1997;France
Citroen;Xsara;1997;France
Citroen;Xsara;1997;France
Citroen;Xsara;1997;France
Citroen;Xsara;1997;France
Citroen;Xsara;1997;France
Citroen;Xsara;1997;France
Citroen;Xsara;1997;France
Citroen;Xsara;1997;France
Citroen;Xsara;1997;France
Citroen;Xsara;1997;France
Citroen;Xsara;2000;France
Citroen;Xsara;2000;France
Citroen;Xsara;2000;France
Citroen;Xsara;2000;France
Citroen;Xsara;2000;France
Citroen;Xsara;2000;France
Citroen;Xsara;2000;France
Citroen;Xsara;2000;France
Citroen;Xsara;2000;France
Citroen;Xsara;2000;France
Citroen;Xsara;2000;France
Citroen;Xsara;2000;France
Citroen;Xsara;2000;France
Citroen;Xsara;2000;France
Citroen;Xsara;2000;France
Citroen;Xsara;2000;France
Citroen;Xsara;2000;France
Citroen;Xsara Picasso;1999;France
Citroen;Xsara Picasso;2004;France
Citroen;Xsara Picasso;2004;France
Citroen;ZX;1991;France
Citroen;ZX;1991;France
Citroen;ZX;1991;France
Citroen;ZX;1991;France
Citroen;ZX;1991;France
Citroen;ZX;1991;France
Citroen;ZX;1991;France
Citroen;ZX;1991;France
Citroen;ZX;1991;France
Citroen;ZX;1991;France
Citroen;ZX;1991;France
Citroen;ZX;1991;France
Citroen;ZX;1991;France
Citroen;ZX;1991;France
Citroen;ZX;1991;France
Citroen;ZX;1991;France
Citroen;ZX;1991;France
Citroen;ZX;1991;France
Citroen;ZX;1991;France
Citroen;ZX;1991;France
Citroen;ZX;1991;France
Citroen;ZX;1991;France
Citroen;ZX;1991;France
Citroen;ZX;1991;France
Citroen;ZX;1991;France
Citroen;ZX;1991;France
Citroen;ZX;1991;France
Citroen;ZX;1991;France
Kia;Amanti;2004;France
Kia;Amanti;2007;France
Kia;Avella;1994;France
Kia;Avella;1994;France
Kia;Avella;1994;France
Kia;Avella;1994;France
Kia;Avella;1994;France
Kia;Avella;1994;France
Kia;Avella;1997;France
Kia;Avella;1997;France
Kia;Avella;1997;France
Kia;Avella;1997;France
Kia;Avella;1997;France
Kia;Avella;1997;France
Kia;Avella;1997;France
Kia;Avella;1997;France
Kia;Borrego;2009;France
Kia;Borrego;2009;France
Kia;Borrego;2009;France
Kia;Borrego;2009;France
Kia;Brisa;1974;France
Kia;Brisa;1977;France
Kia;Brisa;1977;France
Kia;Brisa;1978;France
Kia;Cadenza;2010;France
Kia;Cadenza;2010;France
Kia;Cadenza;2010;France
Kia;Cadenza;2010;France
Kia;Cadenza;2012;France
Kia;Cadenza;2012;France
Kia;Cadenza;2012;France
Kia;Cadenza;2012;France
Kia;Cadenza;2016;France
Kia;Capital;1989;France
Kia;Capital;1991;France
Kia;Capital;1991;France
Kia;Capital;1991;France
Kia;Capital;1991;France
Kia;Capital;1994;France
Kia;Capital;1994;France
Kia;Capital;1994;France
Kia;Carens;2000;France
Kia;Carens;2000;France
Kia;Carens;2002;France
Kia;Carens;2002;France
Kia;Carens;2002;France
Kia;Carens;2002;France
Kia;Carens;2002;France
Kia;Carens;2002;France
Kia;Carens;2002;France
Kia;Carens;2006;France
Kia;Carens;2006;France
Kia;Carens;2006;France
Kia;Carens;2006;France
Kia;Carens;2010;France
Kia;Carens;2010;France
Kia;Carens;2010;France
Kia;Carens;2010;France
Kia;Carens;2013;France
Kia;Carens;2013;France
Kia;Carnival;1999;France
Kia;Carnival;1999;France
Kia;Carnival;1999;France
Kia;Carnival;1999;France
Kia;Carnival;2001;France
Kia;Carnival;2001;France
Kia;Carnival;2001;France
Kia;Carnival;2001;France
Kia;Carnival;2001;France
Kia;Carnival;2001;France
Kia;Carnival;2006;France
Kia;Carnival;2006;France
Kia;Carnival;2006;France
Kia;Carnival;2006;France
Kia;Carnival;2006;France
Kia;Carnival;2006;France
Kia;Carnival;2014;France
Kia;Carnival;2014;France
Kia;Carstar;1999;France
Kia;Carstar;1999;France
Kia;Carstar;1999;France
Kia;Carstar;1999;France
Kia;Carstar;1999;France
Kia;Cee'd;2007;France
Kia;Cee'd;2007;France
Kia;Cee'd;2007;France
Kia;Cee'd;2007;France
Kia;Cee'd;2007;France
Kia;Cee'd;2007;France
Kia;Cee'd;2007;France
Kia;Cee'd;2007;France
Kia;Cee'd;2007;France
Kia;Cee'd;2007;France
Kia;Cee'd;2007;France
Kia;Cee'd;2007;France
Kia;Cee'd;2007;France
Kia;Cee'd;2007;France
Kia;Cee'd;2007;France
Kia;Cee'd;2007;France
Kia;Cee'd;2007;France
Kia;Cee'd;2007;France
Kia;Cee'd;2007;France
Kia;Cee'd;2007;France
Kia;Cee'd;2007;France
Kia;Cee'd;2007;France
Kia;Cee'd;2007;France
Kia;Cee'd;2007;France
Kia;Cee'd;2007;France
Kia;Cee'd;2007;France
Kia;Cee'd;2007;France
Kia;Cee'd;2007;France
Kia;Cee'd;2007;France
Kia;Cee'd;2007;France
Kia;Cee'd;2007;France
Kia;Cee'd;2007;France
Kia;Cee'd;2007;France
Kia;Cee'd;2010;France
Kia;Cee'd;2010;France
Kia;Cee'd;2010;France
Kia;Cee'd;2010;France
Kia;Cee'd;2010;France
Kia;Cee'd;2010;France
Kia;Cee'd;2010;France
Kia;Cee'd;2010;France
Kia;Cee'd;2010;France
Kia;Cee'd;2010;France
Kia;Cee'd;2010;France
Kia;Cee'd;2010;France
Kia;Cee'd;2010;France
Kia;Cee'd;2010;France
Kia;Cee'd;2010;France
Kia;Cee'd;2010;France
Kia;Cee'd;2010;France
Kia;Cee'd;2010;France
Kia;Cee'd;2010;France
Kia;Cee'd;2010;France
Kia;Cee'd;2010;France
Kia;Cee'd;2010;France
Kia;Cee'd;2010;France
Kia;Cee'd;2010;France
Kia;Cee'd;2010;France
Kia;Cee'd;2010;France
Kia;Cee'd;2010;France
Kia;Cee'd;2010;France
Kia;Cee'd;2010;France
Kia;Cee'd;2010;France
Kia;Cee'd;2010;France
Kia;Cee'd;2010;France
Kia;Cee'd;2010;France
Kia;Cee'd;2010;France
Kia;Cee'd;2010;France
Kia;Cee'd;2010;France
Kia;Cee'd;2010;France
Kia;Cee'd;2010;France
Kia;Cee'd;2010;France
Kia;Cee'd;2010;France
Kia;Cee'd;2010;France
Kia;Cee'd;2010;France
Kia;Cee'd;2010;France
Kia;Cee'd;2010;France
Kia;Cee'd;2010;France
Kia;Cee'd;2010;France
Kia;Cee'd;2012;France
Kia;Cee'd;2012;France
Kia;Cee'd;2012;France
Kia;Cee'd;2012;France
Kia;Cee'd;2012;France
Kia;Cee'd;2012;France
Kia;Cee'd;2012;France
Kia;Cee'd;2012;France
Kia;Cee'd;2012;France
Kia;Cee'd;2012;France
Kia;Cee'd;2012;France
Kia;Cee'd;2012;France
Kia;Cee'd;2012;France
Kia;Cee'd;2012;France
Kia;Cee'd;2012;France
Kia;Cee'd;2012;France
Kia;Cee'd;2012;France
Kia;Cee'd;2015;France
Kia;Cee'd;2015;France
Kia;Cee'd;2015;France
Kia;Cee'd;2015;France
Kia;Cee'd;2015;France
Kia;Cee'd;2015;France
Kia;Cee'd;2015;France
Kia;Cee'd;2015;France
Kia;Cee'd;2015;France
Kia;Cee'd;2015;France
Kia;Cee'd;2015;France
Kia;Cee'd;2015;France
Kia;Cee'd;2015;France
Kia;Cee'd;2015;France
Kia;Cee'd;2018;France
Kia;Cee'd;2018;France
Kia;Cee'd;2018;France
Kia;Cee'd;2018;France
Kia;Cee'd;2018;France
Kia;Cee'd;2018;France
Kia;Cee'd;2018;France
Kia;Cee'd;2018;France
Kia;Cee'd;2018;France
Kia;Cee'd;2018;France
Kia;Cee'd;2018;France
Kia;Cee'd;2018;France
Kia;Cee'd;2018;France
Kia;Cee'd;2018;France
Kia;Cee'd;2018;France
Kia;Cee'd;2018;France
Kia;Cerato;2004;France
Kia;Cerato;2004;France
Kia;Cerato;2004;France
Kia;Cerato;2004;France
Kia;Cerato;2004;France
Kia;Cerato;2004;France
Kia;Cerato;2004;France
Kia;Cerato;2004;France
Kia;Cerato;2004;France
Kia;Cerato;2004;France
Kia;Cerato;2004;France
Kia;Cerato;2004;France
Kia;Cerato;2004;France
Kia;Cerato;2004;France
Kia;Cerato;2004;France
Kia;Cerato;2007;France
Kia;Cerato;2007;France
Kia;Cerato;2007;France
Kia;Cerato;2007;France
Kia;Cerato;2007;France
Kia;Cerato;2007;France
Kia;Cerato;2007;France
Kia;Cerato;2007;France
Kia;Cerato;2007;France
Kia;Cerato;2007;France
Kia;Cerato;2009;France
Kia;Cerato;2009;France
Kia;Cerato;2009;France
Kia;Cerato;2009;France
Kia;Cerato;2009;France
Kia;Cerato;2009;France
Kia;Cerato;2009;France
Kia;Cerato;2012;France
Kia;Cerato;2012;France
Kia;Cerato;2012;France
Kia;Cerato;2012;France
Kia;Cerato;2012;France
Kia;Cerato;2012;France
Kia;Cerato;2012;France
Kia;Cerato;2012;France
Kia;Cerato;2012;France
Kia;Cerato;2012;France
Kia;Cerato;2012;France
Kia;Cerato;2016;France
Kia;Cerato;2016;France
Kia;Cerato;2016;France
Kia;Clarus;1996;France
Kia;Clarus;1996;France
Kia;Clarus;1996;France
Kia;Clarus;1996;France
Kia;Clarus;1998;France
Kia;Clarus;1998;France
Kia;Clarus;1998;France
Kia;Clarus;1998;France
Kia;Clarus;1998;France
Kia;Clarus;1998;France
Kia;Clarus;1998;France
Kia;Clarus;1998;France
Kia;Concord;1987;France
Kia;Concord;1991;France
Kia;Concord;1991;France
Kia;Concord;1991;France
Kia;Concord;1991;France
Kia;Credos;1995;France
Kia;Credos;1995;France
Kia;Credos;1995;France
Kia;Credos;1995;France
Kia;Credos;1998;France
Kia;Credos;1998;France
Kia;Credos;1998;France
Kia;Elan;1996;France
Kia;Elan;1996;France
Kia;Elan;1996;France
Kia;Enterprise;1997;France
Kia;Enterprise;1997;France
Kia;Enterprise;1997;France
Kia;Enterprise;1997;France
Kia;Forte;2008;France
Kia;Forte;2008;France
Kia;Forte;2008;France
Kia;Forte;2008;France
Kia;Forte;2008;France
Kia;Forte;2008;France
Kia;Forte;2008;France
Kia;Forte;2008;France
Kia;Forte;2008;France
Kia;Forte;2008;France
Kia;Forte;2008;France
Kia;Forte;2008;France
Kia;Forte;2008;France
Kia;Forte;2008;France
Kia;Forte;2008;France
Kia;Forte;2008;France
Kia;Forte;2008;France
Kia;Forte;2008;France
Kia;Forte;2008;France
Kia;Forte;2008;France
Kia;Forte;2008;France
Kia;Forte;2008;France
Kia;Forte;2008;France
Kia;Forte;2008;France
Kia;Forte;2008;France
Kia;Forte;2008;France
Kia;Forte;2008;France
Kia;Forte;2008;France
Kia;Forte;2008;France
Kia;Forte;2008;France
Kia;Forte;2008;France
Kia;Forte;2008;France
Kia;Forte;2008;France
Kia;Forte;2008;France
Kia;Forte;2008;France
Kia;Forte;2008;France
Kia;Forte;2008;France
Kia;Forte;2008;France
Kia;Forte;2008;France
Kia;Forte;2008;France
Kia;Forte;2008;France
Kia;Forte;2008;France
Kia;Forte;2008;France
Kia;Forte;2008;France
Kia;Forte;2008;France
Kia;Forte;2008;France
Kia;Forte;2008;France
Kia;Forte;2008;France
Kia;Joice;2000;France
Kia;Joice;2000;France
Kia;Joice;2000;France
Kia;Joice;2000;France
Kia;Lotze;2005;France
Kia;Lotze;2005;France
Kia;Lotze;2005;France
Kia;Lotze;2005;France
Kia;Lotze;2005;France
Kia;Lotze;2007;France
Kia;Lotze;2007;France
Kia;Lotze;2007;France
Kia;Lotze;2007;France
Kia;Lotze;2007;France
Kia;Lotze;2007;France
Kia;Lotze;2007;France
Kia;Lotze;2008;France
Kia;Lotze;2008;France
Kia;Magentis;2001;France
Kia;Magentis;2001;France
Kia;Magentis;2001;France
Kia;Magentis;2001;France
Kia;Magentis;2003;France
Kia;Magentis;2003;France
Kia;Magentis;2003;France
Kia;Magentis;2003;France
Kia;Magentis;2006;France
Kia;Magentis;2006;France
Kia;Magentis;2006;France
Kia;Magentis;2006;France
Kia;Magentis;2006;France
Kia;Magentis;2008;France
Kia;Magentis;2008;France
Kia;Magentis;2008;France
Kia;Magentis;2008;France
Kia;Magentis;2008;France
Kia;Magentis;2008;France
Kia;Magentis;2008;France
Kia;Mohave;2008;France
Kia;Mohave;2008;France
Kia;Mohave;2017;France
Kia;Morning;2004;France
Kia;Morning;2004;France
Kia;Morning;2008;France
Kia;Morning;2008;France
Kia;Morning;2008;France
Kia;Morning;2008;France
Kia;Morning;2010;France
Kia;Morning;2010;France
Kia;Morning;2010;France
Kia;Morning;2010;France
Kia;Morning;2007;France
Kia;Morning;2007;France
Kia;Morning;2011;France
Kia;Morning;2011;France
Kia;Morning;2011;France
Kia;Morning;2011;France
Kia;Morning;2011;France
Kia;Niro;2016;France
Kia;Opirus;2003;France
Kia;Opirus;2007;France
Kia;Optima;2000;France
Kia;Optima;2000;France
Kia;Optima;2000;France
Kia;Optima;2000;France
Kia;Optima;2000;France
Kia;Optima;2000;France
Kia;Optima;2000;France
Kia;Optima;2000;France
Kia;Optima;2002;France
Kia;Optima;2002;France
Kia;Optima;2002;France
Kia;Optima;2002;France
Kia;Optima;2002;France
Kia;Optima;2002;France
Kia;Optima;2002;France
Kia;Optima;2002;France
Kia;Optima;2006;France
Kia;Optima;2006;France
Kia;Optima;2006;France
Kia;Optima;2009;France
Kia;Optima;2009;France
Kia;Optima;2009;France
Kia;Optima;2010;France
Kia;Optima;2010;France
Kia;Optima;2010;France
Kia;Optima;2010;France
Kia;Optima;2010;France
Kia;Optima;2010;France
Kia;Optima;2010;France
Kia;Optima;2010;France
Kia;Optima;2010;France
Kia;Optima;2013;France
Kia;Optima;2013;France
Kia;Optima;2013;France
Kia;Optima;2016;France
Kia;Optima;2016;France
Kia;Optima;2016;France
Kia;Optima;2016;France
Kia;Optima;2016;France
Kia;Optima;2016;France
Kia;Optima;2016;France
Kia;Optima;2016;France
Kia;Optima;2016;France
Kia;Parktown;1998;France
Kia;Picanto;2004;France
Kia;Picanto;2004;France
Kia;Picanto;2004;France
Kia;Picanto;2004;France
Kia;Picanto;2008;France
Kia;Picanto;2008;France
Kia;Picanto;2008;France
Kia;Picanto;2008;France
Kia;Picanto;2010;France
Kia;Picanto;2010;France
Kia;Picanto;2010;France
Kia;Picanto;2010;France
Kia;Picanto;2007;France
Kia;Picanto;2007;France
Kia;Picanto;2007;France
Kia;Picanto;2007;France
Kia;Picanto;2011;France
Kia;Picanto;2011;France
Kia;Picanto;2011;France
Kia;Picanto;2015;France
Kia;Picanto;2015;France
Kia;Picanto;2015;France
Kia;Picanto;2015;France
Kia;Picanto;2017;France
Kia;Picanto;2017;France
Kia;Picanto;2017;France
Kia;Picanto;2017;France
Kia;Potentia;1992;France
Kia;Potentia;1992;France
Kia;Potentia;1992;France
Kia;Potentia;1992;France
Kia;Potentia;1998;France
Kia;Potentia;1998;France
Kia;Pride;1987;France
Kia;Pride;1987;France
Kia;Pride;1987;France
Kia;Pride;1987;France
Kia;Pride;1987;France
Kia;Pride;1987;France
Kia;Pride;1987;France
Kia;Pride;1987;France
Kia;Pride;1987;France
Kia;Pride;1987;France
Kia;Pride;1987;France
Kia;Pride;1987;France
Kia;Pride;1987;France
Kia;Pride;1987;France
Kia;Pride;1987;France
Kia;Pride;1987;France
Kia;Pride;2011;France
Kia;Pride;2011;France
Kia;Pride;2011;France
Kia;Pride;2011;France
Kia;Pride;2011;France
Kia;Pride;2011;France
Kia;Pride;2011;France
Kia;Pride;2011;France
Kia;Pride;2005;France
Kia;Pride;2005;France
Kia;Pride;2005;France
Kia;Pride;2005;France
Kia;Pride;2005;France
Kia;Pride;2005;France
Kia;Pride;2005;France
Kia;Pride;2005;France
Kia;Pride;2005;France
Kia;Pride;2005;France
Kia;Pride;2005;France
Kia;Pride;2005;France
Kia;Pride;2009;France
Kia;Pride;2009;France
Kia;Pride;2009;France
Kia;Pride;2009;France
Kia;Pride;2009;France
Kia;Pride;2009;France
Kia;Pride;2009;France
Kia;Pride;2009;France
Kia;Pride;2009;France
Kia;Pride;2009;France
Kia;Pride;2009;France
Kia;Pride;2009;France
Kia;Quoris;2012;France
Kia;Quoris;2012;France
Kia;Quoris;2012;France
Kia;Quoris;2015;France
Kia;Quoris;2015;France
Kia;Quoris;2014;France
Kia;Ray;2012;France
Kia;Ray;2012;France
Kia;Ray;2012;France
Kia;Retona;1998;France
Kia;Retona;1998;France
Kia;Retona;1998;France
Kia;Retona;1998;France
Kia;Retona;1998;France
Kia;Retona;2000;France
Kia;Retona;2000;France
Kia;Retona;2000;France
Kia;Retona;2000;France
Kia;Retona;2000;France
Kia;Rio;2000;France
Kia;Rio;2000;France
Kia;Rio;2000;France
Kia;Rio;2000;France
Kia;Rio;2000;France
Kia;Rio;2000;France
Kia;Rio;2000;France
Kia;Rio;2000;France
Kia;Rio;2000;France
Kia;Rio;2000;France
Kia;Rio;2000;France
Kia;Rio;2000;France
Kia;Rio;2002;France
Kia;Rio;2002;France
Kia;Rio;2002;France
Kia;Rio;2002;France
Kia;Rio;2002;France
Kia;Rio;2002;France
Kia;Rio;2002;France
Kia;Rio;2002;France
Kia;Rio;2002;France
Kia;Rio;2002;France
Kia;Rio;2005;France
Kia;Rio;2005;France
Kia;Rio;2005;France
Kia;Rio;2005;France
Kia;Rio;2005;France
Kia;Rio;2005;France
Kia;Rio;2005;France
Kia;Rio;2005;France
Kia;Rio;2005;France
Kia;Rio;2005;France
Kia;Rio;2009;France
Kia;Rio;2009;France
Kia;Rio;2009;France
Kia;Rio;2009;France
Kia;Rio;2009;France
Kia;Rio;2009;France
Kia;Rio;2009;France
Kia;Rio;2009;France
Kia;Rio;2009;France
Kia;Rio;2009;France
Kia;Rio;2011;France
Kia;Rio;2011;France
Kia;Rio;2011;France
Kia;Rio;2011;France
Kia;Rio;2011;France
Kia;Rio;2011;France
Kia;Rio;2011;France
Kia;Rio;2011;France
Kia;Rio;2011;France
Kia;Rio;2011;France
Kia;Rio;2011;France
Kia;Rio;2011;France
Kia;Rio;2015;France
Kia;Rio;2015;France
Kia;Rio;2015;France
Kia;Rio;2015;France
Kia;Rio;2015;France
Kia;Rio;2015;France
Kia;Rio;2015;France
Kia;Rio;2015;France
Kia;Rio;2016;France
Kia;Rio;2016;France
Kia;Rio;2016;France
Kia;Rio;2016;France
Kia;Rio;2016;France
Kia;Rio;2016;France
Kia;Rio;2016;France
Kia;Rio;2016;France
Kia;Rio;2016;France
Kia;Rio;2016;France
Kia;Rio;2016;France
Kia;Rio;2016;France
Kia;Rio;2016;France
Kia;Rio;2016;France
Kia;Rio;2016;France
Kia;Rondo;2007;France
Kia;Rondo;2007;France
Kia;Rondo;2007;France
Kia;Rondo;2007;France
Kia;Rondo;2007;France
Kia;Rondo;2010;France
Kia;Rondo;2010;France
Kia;Rondo;2010;France
Kia;Sedona;1999;France
Kia;Sedona;1999;France
Kia;Sedona;1999;France
Kia;Sedona;1999;France
Kia;Sedona;2001;France
Kia;Sedona;2001;France
Kia;Sedona;2001;France
Kia;Sedona;2001;France
Kia;Sedona;2006;France
Kia;Sedona;2006;France
Kia;Sedona;2006;France
Kia;Sedona;2006;France
Kia;Sedona;2006;France
Kia;Sedona;2010;France
Kia;Sedona;2010;France
Kia;Sedona;2010;France
Kia;Sephia;1992;France
Kia;Sephia;1992;France
Kia;Sephia;1992;France
Kia;Sephia;1992;France
Kia;Sephia;1992;France
Kia;Sephia;1992;France
Kia;Sephia;1994;France
Kia;Sephia;1994;France
Kia;Sephia;1994;France
Kia;Sephia;1994;France
Kia;Sephia;1994;France
Kia;Sephia;1994;France
Kia;Sephia;1994;France
Kia;Sephia;1994;France
Kia;Sephia;1994;France
Kia;Sephia;1994;France
Kia;Sephia;1997;France
Kia;Sephia;1997;France
Kia;Sephia;1997;France
Kia;Sephia;1997;France
Kia;Sephia;1997;France
Kia;Sephia;2001;France
Kia;Sephia;2001;France
Kia;Sephia;2001;France
Kia;Sephia;2001;France
Kia;Shuma;1997;France
Kia;Shuma;1997;France
Kia;Shuma;1997;France
Kia;Shuma;2001;France
Kia;Shuma;2001;France
Kia;Shuma;2001;France
Kia;Shuma;2001;France
Kia;Sorento;2002;France
Kia;Sorento;2002;France
Kia;Sorento;2002;France
Kia;Sorento;2002;France
Kia;Sorento;2002;France
Kia;Sorento;2002;France
Kia;Sorento;2002;France
Kia;Sorento;2002;France
Kia;Sorento;2002;France
Kia;Sorento;2002;France
Kia;Sorento;2002;France
Kia;Sorento;2002;France
Kia;Sorento;2002;France
Kia;Sorento;2002;France
Kia;Sorento;2002;France
Kia;Sorento;2002;France
Kia;Sorento;2002;France
Kia;Sorento;2002;France
Kia;Sorento;2002;France
Kia;Sorento;2006;France
Kia;Sorento;2006;France
Kia;Sorento;2006;France
Kia;Sorento;2006;France
Kia;Sorento;2006;France
Kia;Sorento;2006;France
Kia;Sorento;2006;France
Kia;Sorento;2006;France
Kia;Sorento;2006;France
Kia;Sorento;2006;France
Kia;Sorento;2006;France
Kia;Sorento;2006;France
Kia;Sorento;2009;France
Kia;Sorento;2009;France
Kia;Sorento;2009;France
Kia;Sorento;2009;France
Kia;Sorento;2009;France
Kia;Sorento;2009;France
Kia;Sorento;2009;France
Kia;Sorento;2012;France
Kia;Sorento;2012;France
Kia;Sorento;2012;France
Kia;Sorento;2012;France
Kia;Sorento;2012;France
Kia;Sorento;2012;France
Kia;Sorento;2012;France
Kia;Sorento;2012;France
Kia;Sorento;2012;France
Kia;Sorento;2012;France
Kia;Sorento;2012;France
Kia;Sorento;2015;France
Kia;Sorento;2015;France
Kia;Sorento;2015;France
Kia;Sorento;2015;France
Kia;Sorento;2017;France
Kia;Sorento;2017;France
Kia;Sorento;2017;France
Kia;Sorento;2017;France
Kia;Sorento;2017;France
Kia;Sorento;2017;France
Kia;Sorento;2017;France
Kia;Sorento;2017;France
Kia;Soul;2008;France
Kia;Soul;2008;France
Kia;Soul;2008;France
Kia;Soul;2008;France
Kia;Soul;2008;France
Kia;Soul;2008;France
Kia;Soul;2011;France
Kia;Soul;2011;France
Kia;Soul;2011;France
Kia;Soul;2011;France
Kia;Soul;2011;France
Kia;Soul;2014;France
Kia;Soul;2014;France
Kia;Soul;2014;France
Kia;Soul;2014;France
Kia;Soul;2016;France
Kia;Soul;2016;France
Kia;Soul;2016;France
Kia;Soul;2016;France
Kia;Soul;2016;France
Kia;Spectra;2000;France
Kia;Spectra;2000;France
Kia;Spectra;2000;France
Kia;Spectra;2000;France
Kia;Spectra;2000;France
Kia;Spectra;2000;France
Kia;Spectra;2000;France
Kia;Spectra;2000;France
Kia;Spectra;2000;France
Kia;Spectra;2000;France
Kia;Spectra;2000;France
Kia;Spectra;2000;France
Kia;Spectra;2000;France
Kia;Spectra;2000;France
Kia;Spectra;2000;France
Kia;Spectra;2000;France
Kia;Spectra;2000;France
Kia;Spectra;2000;France
Kia;Spectra;2000;France
Kia;Spectra;2000;France
Kia;Spectra;2000;France
Kia;Spectra;2000;France
Kia;Spectra;2004;France
Kia;Spectra;2004;France
Kia;Spectra;2004;France
Kia;Spectra;2004;France
Kia;Spectra;2007;France
Kia;Spectra;2007;France
Kia;Spectra;2007;France
Kia;Spectra;2007;France
Kia;Spectra;2007;France
Kia;Spectra;2007;France
Kia;Sportage;1994;France
Kia;Sportage;1994;France
Kia;Sportage;1994;France
Kia;Sportage;1994;France
Kia;Sportage;1994;France
Kia;Sportage;1994;France
Kia;Sportage;1994;France
Kia;Sportage;1994;France
Kia;Sportage;1994;France
Kia;Sportage;1994;France
Kia;Sportage;1994;France
Kia;Sportage;1994;France
Kia;Sportage;1994;France
Kia;Sportage;1994;France
Kia;Sportage;1994;France
Kia;Sportage;1994;France
Kia;Sportage;1994;France
Kia;Sportage;1994;France
Kia;Sportage;1994;France
Kia;Sportage;1994;France
Kia;Sportage;1994;France
Kia;Sportage;1994;France
Kia;Sportage;1994;France
Kia;Sportage;2004;France
Kia;Sportage;2004;France
Kia;Sportage;2004;France
Kia;Sportage;2004;France
Kia;Sportage;2004;France
Kia;Sportage;2004;France
Kia;Sportage;2004;France
Kia;Sportage;2004;France
Kia;Sportage;2004;France
Kia;Sportage;2004;France
Kia;Sportage;2004;France
Kia;Sportage;2004;France
Kia;Sportage;2008;France
Kia;Sportage;2008;France
Kia;Sportage;2008;France
Kia;Sportage;2008;France
Kia;Sportage;2008;France
Kia;Sportage;2008;France
Kia;Sportage;2008;France
Kia;Sportage;2008;France
Kia;Sportage;2008;France
Kia;Sportage;2008;France
Kia;Sportage;2008;France
Kia;Sportage;2008;France
Kia;Sportage;2008;France
Kia;Sportage;2010;France
Kia;Sportage;2010;France
Kia;Sportage;2010;France
Kia;Sportage;2010;France
Kia;Sportage;2010;France
Kia;Sportage;2010;France
Kia;Sportage;2010;France
Kia;Sportage;2010;France
Kia;Sportage;2010;France
Kia;Sportage;2010;France
Kia;Sportage;2010;France
Kia;Sportage;2010;France
Kia;Sportage;2010;France
Kia;Sportage;2010;France
Kia;Sportage;2010;France
Kia;Sportage;2010;France
Kia;Sportage;2010;France
Kia;Sportage;2010;France
Kia;Sportage;2010;France
Kia;Sportage;2014;France
Kia;Sportage;2014;France
Kia;Sportage;2014;France
Kia;Sportage;2014;France
Kia;Sportage;2014;France
Kia;Sportage;2014;France
Kia;Sportage;2014;France
Kia;Sportage;2014;France
Kia;Sportage;2014;France
Kia;Sportage;2014;France
Kia;Sportage;2014;France
Kia;Sportage;2014;France
Kia;Sportage;2014;France
Kia;Sportage;2016;France
Kia;Sportage;2016;France
Kia;Sportage;2016;France
Kia;Sportage;2016;France
Kia;Sportage;2016;France
Kia;Sportage;2016;France
Kia;Stinger;2017;France
Kia;Stinger;2017;France
Kia;Stinger;2017;France
Kia;Stinger;2017;France
Kia;Stinger;2017;France
Kia;Stinger;2017;France
Kia;Stinger;2017;France
Kia;Stinger;2017;France
Kia;Stonic;2017;France
Kia;Stonic;2017;France
Kia;Stonic;2017;France
Kia;Stonic;2017;France
Kia;Towner;1999;France
Kia;Towner;1999;France
Kia;Towner;1999;France
Kia;Towner;1999;France
Kia;Venga;2010;France
Kia;Venga;2010;France
Kia;Venga;2010;France
Kia;Venga;2014;France
Kia;Venga;2014;France
Kia;Venga;2014;France
Kia;Visto;1999;France
Kia;Visto;1999;France
Kia;Visto;1999;France
Kia;Visto;1999;France
Kia;Visto;1999;France
Kia;Visto;1999;France
Kia;X-Trek;2003;France
Kia;X-Trek;2003;France
